{
    "loss": 7.29464054107666,
    "accuracy": 0.44132307171821594
}