{
    "loss": 6.823832035064697,
    "accuracy": 0.7000452876091003
}